id,household_id,age,gender,education,occupation,digital_access_score
1,1,46,female,none,self_employed,0.36369903153119776
2,2,19,male,graduate,self_employed,0.852498595086407
3,3,39,male,primary,self_employed,0.44148008665170246
4,4,43,male,primary,unemployed,0.24649629239121298
5,5,69,male,none,salaried_private,0.7878313780813063
6,6,35,male,secondary,student,0.5305879506302986
7,7,65,female,secondary,self_employed,0.18831972328859403
8,8,71,male,none,agriculture,0.31051725461311697
9,9,25,male,none,student,0.20944388508699172
10,10,35,female,secondary,agriculture,0.31639756988896617
11,11,52,male,none,student,0.20068068752206453
12,12,46,female,primary,salaried_private,0.028098746694620744
13,13,57,female,none,self_employed,0.710197350123982
14,14,51,male,graduate,salaried_govt,0.5938761056966754
15,15,40,male,secondary,informal_trade,0.6074273164183437
16,16,42,female,none,informal_trade,0.12085927262380045
17,17,39,male,primary,self_employed,0.1600477018642251
18,18,63,male,graduate,unemployed,0.7685204947654642
19,19,26,male,primary,unemployed,0.19666478695371867
20,20,52,female,secondary,unemployed,0.4644095314066957
21,21,27,male,secondary,student,0.3128613983874572
22,22,70,male,secondary,self_employed,0.14789944810208192
23,23,71,female,graduate,informal_trade,0.6286361804212256
24,24,40,female,graduate,salaried_govt,0.553664635266861
25,25,72,female,secondary,student,0.7787504651074324
26,26,48,female,none,self_employed,0.21099766862111585
27,27,65,male,secondary,self_employed,0.1967001667451696
28,28,38,female,secondary,unemployed,0.36503544605395405
29,29,53,female,secondary,unemployed,0.07194554452001847
30,30,38,female,primary,unemployed,0.1463936583780362
31,31,38,male,primary,unemployed,0.18872506683833717
32,32,62,female,none,salaried_govt,0.1254956478328353
33,33,58,male,secondary,informal_trade,0.20353805098406863
34,34,70,female,graduate,unemployed,0.40642378271751656
35,35,23,female,primary,unemployed,0.03177531723598728
36,36,43,male,secondary,student,0.11869942569612277
37,37,28,female,secondary,agriculture,0.6359684680440804
38,38,48,female,graduate,unemployed,0.3975925661862139
39,39,46,male,primary,unemployed,0.7154652050143399
40,40,35,male,primary,student,0.38525396398263556
41,41,23,male,graduate,informal_trade,0.7055370760847469
42,42,20,male,primary,unemployed,0.2834916662542534
43,43,56,male,graduate,unemployed,0.10451992951969108
44,44,26,male,none,student,0.0
45,45,63,female,primary,salaried_private,0.2099157352259069
46,46,48,female,secondary,student,0.5582269662779227
47,47,37,female,postgraduate,agriculture,0.0
48,48,40,male,secondary,unemployed,0.6245914533299525
49,49,58,male,none,agriculture,0.2675502362998032
50,50,42,male,postgraduate,agriculture,0.3900158842911425
51,51,35,male,none,salaried_private,0.0
52,52,22,female,secondary,student,0.27029619886482537
53,53,71,female,primary,self_employed,0.3742650184936752
54,54,18,female,none,agriculture,0.34689215561720405
55,55,48,male,none,unemployed,0.03385820200242953
56,56,51,male,graduate,self_employed,0.5821269781179883
57,57,26,female,primary,student,0.4674816121886678
58,58,20,female,primary,self_employed,0.23093244553892794
59,59,23,male,graduate,salaried_private,0.44653897384443453
60,60,59,male,graduate,self_employed,0.8276490235274767
61,61,21,male,none,informal_trade,1.0
62,62,55,male,primary,salaried_govt,0.5286569862365204
63,63,55,male,secondary,unemployed,0.7274734286633505
64,64,44,female,graduate,student,0.7056849515115162
65,65,68,male,none,informal_trade,0.6289987049681676
66,66,66,male,none,student,0.0857907227897918
67,67,36,female,none,salaried_private,0.09322026946628414
68,68,48,male,none,salaried_private,0.09888793591216846
69,69,74,male,primary,salaried_govt,0.6774655373057202
70,70,48,female,primary,student,0.4203844871851261
71,71,69,male,none,student,0.2454109021479471
72,72,29,male,secondary,salaried_private,0.3989237408790628
73,73,36,female,secondary,salaried_private,0.7559481986505356
74,74,32,female,secondary,salaried_private,0.8645948582172402
75,75,34,female,primary,self_employed,0.22921942982734514
76,76,59,female,graduate,informal_trade,0.1288348310045056
77,77,60,male,primary,agriculture,0.32503857893306726
78,78,41,male,secondary,unemployed,0.5600975465345075
79,79,58,female,graduate,informal_trade,0.906496358098714
80,80,58,female,secondary,salaried_private,0.6959491284423087
81,81,40,male,graduate,salaried_govt,0.738260211024841
82,82,50,male,primary,salaried_private,0.23164636546295003
83,83,52,male,secondary,unemployed,0.20956581276667346
84,84,68,female,none,agriculture,0.36466989264743266
85,85,56,male,graduate,salaried_govt,0.38492707716044205
86,86,37,male,postgraduate,unemployed,0.5829953362035184
87,87,73,male,postgraduate,student,0.22957210575669684
88,88,63,male,secondary,student,0.4502627088206435
89,89,24,female,secondary,agriculture,0.2895231378414187
90,90,49,female,none,unemployed,0.06878096015215739
91,91,56,female,primary,informal_trade,0.21351496596499608
92,92,52,male,graduate,agriculture,0.0
93,93,25,male,graduate,agriculture,0.6344839374094942
94,94,70,male,secondary,self_employed,0.4663647953966459
95,95,24,male,graduate,salaried_govt,0.8932106505485474
96,96,49,male,secondary,informal_trade,0.5408835980730589
97,97,32,male,none,salaried_private,0.30827547575548186
98,98,46,female,primary,unemployed,0.16991058713266688
99,99,33,male,primary,student,0.5483738590315187
100,100,32,female,graduate,informal_trade,0.26608859042892524
101,101,55,female,graduate,salaried_govt,0.8062179395603027
102,102,35,female,secondary,student,0.2730680360763861
103,103,39,female,postgraduate,informal_trade,0.6934751217301998
104,104,23,female,secondary,unemployed,0.487228523138329
105,105,72,female,primary,salaried_govt,0.2466815927816055
106,106,39,male,secondary,student,0.4777526631439551
107,107,59,female,graduate,agriculture,0.9307520153857745
108,108,34,male,secondary,agriculture,0.4658788648859918
109,109,62,male,primary,informal_trade,0.3557113338409146
110,110,30,male,primary,salaried_private,0.11019883675517203
111,111,64,female,secondary,self_employed,0.01702871838165182
112,112,31,male,graduate,agriculture,0.6096853841244368
113,113,30,female,primary,unemployed,0.2594326503717567
114,114,35,female,graduate,informal_trade,0.3385535885159882
115,115,72,female,postgraduate,student,0.6415162552910845
116,116,41,male,secondary,unemployed,0.19846827015722832
117,117,66,male,primary,self_employed,0.3817311065385641
118,118,73,female,secondary,salaried_private,0.31380869528989885
119,119,71,female,postgraduate,agriculture,0.8447103602883976
120,120,18,male,primary,agriculture,0.2730976060088785
121,121,68,female,none,unemployed,0.46812465337004305
122,122,35,female,primary,salaried_govt,0.28468084287285583
123,123,57,male,postgraduate,student,0.7064372021497707
124,124,46,male,secondary,salaried_govt,0.0
125,125,63,male,none,unemployed,0.42917068289450744
126,126,48,male,primary,salaried_govt,0.4394213013928365
127,127,58,female,primary,unemployed,0.2307493291693647
128,128,73,male,none,salaried_govt,0.07905229146163943
129,129,70,male,none,informal_trade,0.0
130,130,64,male,primary,salaried_govt,0.03485345239106841
131,131,66,female,none,self_employed,0.4569634343471114
132,132,53,male,graduate,unemployed,0.6866923625594651
133,133,38,female,primary,agriculture,0.48914487501131887
134,134,21,male,secondary,self_employed,0.7417862759623464
135,135,27,female,graduate,agriculture,0.8975515622106544
136,136,46,female,primary,salaried_private,0.40256328430357025
137,137,36,female,none,salaried_private,0.5120098406881014
138,138,35,female,graduate,agriculture,0.6966711283519451
139,139,55,female,primary,informal_trade,0.15990087969254102
140,140,34,male,graduate,salaried_private,0.3972617817892643
141,141,55,female,none,salaried_private,0.5137212141089637
142,142,41,female,secondary,agriculture,0.34481601542450047
143,143,49,female,primary,salaried_govt,0.2625990338939871
144,144,45,male,none,self_employed,0.057157817270473685
145,145,44,female,primary,self_employed,0.4205157692637942
146,146,65,female,none,student,0.3272629721820749
147,147,55,male,primary,informal_trade,0.23442878029865924
148,148,56,male,postgraduate,self_employed,0.5434198721727022
149,149,62,male,none,salaried_private,0.45647987197682505
150,150,69,female,secondary,informal_trade,0.6553632131494624
151,151,50,male,primary,student,0.444618760289508
152,152,61,male,none,informal_trade,0.17941073770781757
153,153,32,male,none,informal_trade,0.20397071788238363
154,154,33,male,primary,self_employed,0.0
155,155,68,female,postgraduate,informal_trade,0.6188301596641858
156,156,48,male,primary,student,0.12563647919503768
157,157,38,female,none,agriculture,0.14367616116914098
158,158,22,male,postgraduate,salaried_private,0.8168951729537389
159,159,54,female,secondary,unemployed,0.2475167984027729
160,160,72,male,primary,self_employed,0.0
161,161,56,female,primary,informal_trade,0.0
162,162,26,male,primary,self_employed,0.40962844354067074
163,163,69,female,secondary,unemployed,0.47173737650823194
164,164,31,male,primary,unemployed,0.25029394058904936
165,165,41,female,postgraduate,salaried_govt,0.41959725483551646
166,166,23,male,graduate,unemployed,0.7346366674700823
167,167,26,female,secondary,salaried_govt,0.5649525728084843
168,168,43,female,primary,student,0.1384547778181167
169,169,27,female,primary,agriculture,0.33768621034736174
170,170,39,female,graduate,self_employed,0.966215716753607
171,171,50,female,graduate,informal_trade,0.2866801382982933
172,172,27,female,secondary,salaried_private,0.5182952426997492
173,173,72,male,secondary,informal_trade,0.7854019520876909
174,174,49,female,primary,informal_trade,0.0
175,175,25,male,secondary,student,0.39282002692832635
176,176,44,female,graduate,salaried_private,0.5174765616806422
177,177,58,female,secondary,student,0.4357701735121183
178,178,59,female,postgraduate,student,0.41830995282573963
179,179,28,female,secondary,unemployed,0.7129712386564406
180,180,74,female,primary,agriculture,0.3439908801129746
181,181,69,female,none,informal_trade,0.44393900845914935
182,182,50,male,graduate,agriculture,0.6280663594508441
183,183,69,female,postgraduate,salaried_private,0.5753967677698665
184,184,35,female,secondary,self_employed,0.3598188885813589
185,185,22,female,primary,student,0.015293597184440788
186,186,43,male,none,self_employed,0.0
187,187,61,female,none,unemployed,0.32339826945049105
188,188,69,male,secondary,student,0.49348137054323077
189,189,32,male,secondary,student,0.7796008873748425
190,190,65,male,primary,unemployed,0.29499837026800224
191,191,27,male,secondary,self_employed,0.5266075599005535
192,192,66,male,none,student,0.37145596900908967
193,193,18,male,secondary,unemployed,0.21466711349823717
194,194,67,male,secondary,informal_trade,0.7377105392140088
195,195,33,female,secondary,student,0.5533667006584868
196,196,73,female,postgraduate,salaried_private,0.6031071071089438
197,197,46,male,primary,salaried_private,0.29815186618991585
198,198,28,male,none,salaried_private,0.3983461343828304
199,199,56,female,postgraduate,agriculture,0.8985958379763342
200,200,53,male,primary,student,0.6224153345174709
201,201,66,female,graduate,self_employed,0.6350785062395643
202,202,33,female,graduate,salaried_private,0.7803302253659974
203,203,18,female,primary,unemployed,0.42389235695704586
204,204,45,female,postgraduate,salaried_private,0.7905347034610565
205,205,42,male,graduate,agriculture,0.3394118897568125
206,206,47,male,secondary,student,0.8690731610723766
207,207,34,male,none,agriculture,0.0798024194673276
208,208,38,female,primary,salaried_govt,0.462537339984643
209,209,63,female,postgraduate,agriculture,0.4180892771850508
210,210,74,female,none,unemployed,0.36290024471893495
211,211,66,male,secondary,self_employed,0.49107262284410097
212,212,51,female,secondary,salaried_private,0.47400292321381876
213,213,36,female,graduate,unemployed,0.930433826814979
214,214,36,female,secondary,self_employed,0.7372246186826164
215,215,26,male,primary,salaried_govt,0.12185818892182657
216,216,34,female,secondary,salaried_private,0.5329338990039386
217,217,70,female,graduate,salaried_private,0.6316263931909318
218,218,26,female,primary,salaried_govt,0.4362634998477844
219,219,37,female,secondary,salaried_govt,0.8057205429929288
220,220,49,male,secondary,informal_trade,0.4095304711544127
221,221,32,female,primary,self_employed,0.0
222,222,57,male,secondary,agriculture,0.0
223,223,43,male,primary,salaried_private,0.5592436571746681
224,224,73,female,primary,self_employed,0.537719535597667
225,225,63,male,none,student,0.5190594890311366
226,226,65,female,none,salaried_govt,0.3032617319812224
227,227,44,male,none,agriculture,0.23890575893792065
228,228,69,female,postgraduate,self_employed,0.7994883524988495
229,229,62,male,none,salaried_private,0.23030077829376377
230,230,22,male,graduate,student,0.2680365585840205
231,231,22,female,postgraduate,salaried_govt,0.6672297751388717
232,232,70,female,primary,salaried_govt,0.02276074771521419
233,233,48,male,postgraduate,salaried_private,0.6075280787923941
234,234,20,female,none,unemployed,0.1268552667613523
235,235,54,female,secondary,informal_trade,0.7136658226123438
236,236,29,female,primary,salaried_private,0.5579865354045979
237,237,46,female,postgraduate,unemployed,0.6045015578618719
238,238,57,male,primary,salaried_govt,0.0
239,239,29,male,primary,unemployed,0.3519921035236752
240,240,25,male,postgraduate,unemployed,0.5284657171040281
241,241,34,male,secondary,salaried_private,0.18509414951649356
242,242,35,male,secondary,student,0.14689209463397718
243,243,25,female,none,informal_trade,0.2805088603058917
244,244,47,male,graduate,salaried_govt,0.6793476975745394
245,245,18,male,primary,student,0.6151799374824869
246,246,58,female,secondary,salaried_private,0.46469860570553273
247,247,46,male,secondary,salaried_private,0.4686093981268397
248,248,45,male,secondary,salaried_private,0.5397373405083892
249,249,59,female,postgraduate,informal_trade,0.3823751032813024
250,250,19,male,graduate,salaried_private,0.26467737043932865
251,251,66,male,secondary,unemployed,0.2612080597879003
252,252,53,female,secondary,agriculture,0.0
253,253,19,male,graduate,student,0.6865794480147172
254,254,20,female,graduate,self_employed,0.4150049147174109
255,255,18,male,graduate,salaried_private,0.35363381126654414
256,256,63,male,postgraduate,informal_trade,0.516541321313557
257,257,66,female,graduate,informal_trade,0.0
258,258,51,female,postgraduate,agriculture,0.9356525207571958
259,259,52,female,postgraduate,unemployed,0.5338764438137263
260,260,19,female,graduate,salaried_govt,0.6021980394165996
261,261,47,male,secondary,agriculture,0.33234638515786863
262,262,24,female,primary,agriculture,0.0
263,263,66,male,secondary,agriculture,0.14006059593079984
264,264,61,male,primary,unemployed,0.09045857218218077
265,265,38,male,primary,informal_trade,0.11336811469230312
266,266,47,female,secondary,agriculture,0.0
267,267,36,female,postgraduate,self_employed,0.588607193468968
268,268,39,male,none,agriculture,0.1840859016511076
269,269,43,female,none,agriculture,0.1728719798051555
270,270,42,female,graduate,student,0.47316390651653895
271,271,65,female,none,informal_trade,0.603718986366675
272,272,59,female,secondary,unemployed,0.40227249986360786
273,273,60,female,secondary,agriculture,0.513529553176986
274,274,72,female,graduate,agriculture,0.6416877057106616
275,275,53,female,none,salaried_private,0.5026831044036261
276,276,18,male,primary,salaried_govt,0.25593828169122773
277,277,47,female,secondary,salaried_private,0.3935497403545456
278,278,56,female,secondary,self_employed,0.40547665504922153
279,279,73,male,graduate,unemployed,0.0
280,280,53,female,secondary,salaried_govt,0.06615114520680962
281,281,33,female,primary,informal_trade,0.16069890306981954
282,282,58,female,primary,salaried_private,0.6274122029545102
283,283,27,male,postgraduate,salaried_govt,0.3665953434177557
284,284,59,male,graduate,agriculture,0.13451784361652075
285,285,46,male,primary,informal_trade,0.04013155499259506
286,286,47,male,graduate,student,0.39737153493125094
287,287,36,female,secondary,salaried_private,0.48423912365277466
288,288,70,female,secondary,unemployed,0.473769258290386
289,289,74,male,none,salaried_private,0.6511152296670975
290,290,63,female,secondary,salaried_private,0.13425762088950347
291,291,49,female,secondary,agriculture,0.6835160940511931
292,292,61,male,none,self_employed,0.1414276269209598
293,293,37,male,graduate,informal_trade,0.1109418264754091
294,294,67,female,postgraduate,salaried_govt,0.48844128083215027
295,295,43,male,postgraduate,unemployed,0.673608702316363
296,296,69,female,secondary,student,0.08943904138335435
297,297,61,male,primary,agriculture,0.6179522740213228
298,298,58,female,secondary,agriculture,0.12917472786740233
299,299,66,male,primary,salaried_private,0.4414998355677963
300,300,63,female,primary,informal_trade,0.6640748585039118
301,301,51,male,secondary,unemployed,0.7514266434964647
302,302,44,male,graduate,unemployed,0.5705362798283737
303,303,36,female,none,salaried_govt,0.0
304,304,34,male,secondary,informal_trade,0.531912047015281
305,305,33,male,primary,student,0.19441803983650324
306,306,67,male,secondary,unemployed,0.4415912283906045
307,307,44,male,none,agriculture,0.17946126867535597
308,308,61,male,primary,unemployed,0.29109411022967097
309,309,57,male,none,informal_trade,0.11090175675848743
310,310,53,male,primary,unemployed,0.20365969174675114
311,311,74,female,none,salaried_govt,0.0026541991697981437
312,312,57,female,secondary,salaried_private,0.24337738016605928
313,313,68,female,graduate,salaried_private,0.5721857134607867
314,314,71,female,primary,agriculture,0.03141175015622931
315,315,41,female,postgraduate,agriculture,0.5813168820176844
316,316,36,male,primary,student,0.391956276849279
317,317,74,male,secondary,informal_trade,0.3818642604900333
318,318,37,female,none,unemployed,0.1375473962020842
319,319,50,female,secondary,salaried_private,0.1774351482088592
320,320,55,female,postgraduate,informal_trade,0.6763752835272233
321,321,45,male,postgraduate,informal_trade,0.5598857614802776
322,322,43,female,none,salaried_private,0.1470127844125045
323,323,31,female,secondary,informal_trade,0.46059664788738475
324,324,62,male,secondary,student,0.47496892246364036
325,325,18,male,graduate,informal_trade,0.40491820295630065
326,326,33,male,postgraduate,self_employed,0.3003281895318176
327,327,46,female,none,salaried_private,0.33849217946106946
328,328,24,female,primary,unemployed,0.0
329,329,52,male,postgraduate,self_employed,0.9848182613225995
330,330,68,female,secondary,salaried_private,0.6769367062167632
331,331,26,female,primary,student,0.45761085106922483
332,332,56,female,postgraduate,agriculture,0.6691440421075062
333,333,65,male,graduate,self_employed,0.32592666442418555
334,334,60,female,primary,informal_trade,0.2284679167994046
335,335,20,male,secondary,salaried_private,0.205012154414148
336,336,69,female,graduate,salaried_govt,0.0754284462787681
337,337,53,female,graduate,student,0.29994717553326183
338,338,41,female,secondary,unemployed,0.07200549288708141
339,339,24,male,graduate,salaried_private,0.6073565363400008
340,340,38,male,none,student,0.27032398818925124
341,341,28,female,primary,agriculture,0.0
342,342,60,female,primary,salaried_private,0.534095956225959
343,343,35,female,graduate,salaried_govt,0.3159429073555327
344,344,20,female,graduate,salaried_private,0.6162147101478287
345,345,42,female,graduate,unemployed,0.2905456072981561
346,346,59,male,postgraduate,self_employed,0.5117514911654033
347,347,70,male,secondary,informal_trade,0.3567682607647431
348,348,28,male,postgraduate,student,0.35125744542252124
349,349,49,female,graduate,agriculture,0.4881036813358577
350,350,44,male,primary,agriculture,0.6045931115498322
351,351,65,male,none,salaried_govt,0.0
352,352,27,male,primary,self_employed,0.7778542169216816
353,353,24,female,secondary,unemployed,0.4514889323561862
354,354,62,male,graduate,salaried_private,0.28730656419506784
355,355,38,male,primary,agriculture,0.7272863766249037
356,356,74,female,graduate,informal_trade,0.8103620294379876
357,357,38,female,graduate,informal_trade,0.0
358,358,23,female,secondary,self_employed,0.4565071107961598
359,359,31,male,none,salaried_govt,0.21193501580425378
360,360,59,female,none,student,0.24870635736346358
361,361,55,female,secondary,salaried_govt,0.5530109029203025
362,362,58,female,postgraduate,informal_trade,1.0
363,363,20,female,graduate,self_employed,0.8962044859953465
364,364,71,female,graduate,salaried_private,0.4009238464894965
365,365,55,male,graduate,salaried_private,0.5333024491121746
366,366,55,male,graduate,student,0.5984783745872917
367,367,22,female,secondary,informal_trade,0.5850948347570204
368,368,74,female,none,informal_trade,0.0
369,369,56,male,postgraduate,informal_trade,0.3706382470658172
370,370,19,male,graduate,self_employed,0.7833988206117932
371,371,67,male,primary,self_employed,0.3227961957441156
372,372,20,male,none,agriculture,0.3036109842696105
373,373,44,male,postgraduate,unemployed,0.5814522974215818
374,374,32,male,graduate,unemployed,1.0
375,375,51,female,none,informal_trade,0.4959412544472096
376,376,64,male,postgraduate,unemployed,0.491025978105782
377,377,18,male,primary,salaried_private,0.553016137650933
378,378,47,female,graduate,agriculture,0.44039684225931675
379,379,73,female,postgraduate,informal_trade,0.39022302366638456
380,380,68,male,secondary,salaried_govt,0.5790443668963032
381,381,43,female,primary,salaried_govt,0.421226180677166
382,382,37,female,none,student,0.24769917949263848
383,383,43,female,none,self_employed,0.32184824431837467
384,384,31,female,postgraduate,self_employed,0.5000622903157631
385,385,34,male,none,salaried_govt,0.18704476008620113
386,386,56,male,none,informal_trade,0.4205520033541714
387,387,37,female,secondary,salaried_govt,0.36229336985748795
388,388,54,male,primary,salaried_govt,0.5601562512744322
389,389,74,male,primary,salaried_private,0.714927227244215
390,390,49,female,secondary,unemployed,0.5042136975931051
391,391,18,female,none,student,0.2048219358505613
392,392,52,female,primary,salaried_private,0.5211459203483875
393,393,36,male,none,informal_trade,0.4702586460358139
394,394,29,female,secondary,informal_trade,0.2397937556721757
395,395,20,male,postgraduate,informal_trade,0.4497199957685546
396,396,66,male,primary,salaried_private,0.07620379140151268
397,397,27,female,secondary,student,0.401803883626529
398,398,53,female,primary,salaried_private,0.43279938177700866
399,399,55,male,none,student,0.14805389773455965
400,400,55,male,none,self_employed,0.25501155593071095
401,401,72,female,graduate,self_employed,0.6456804295357014
402,402,58,male,none,student,0.1486072038164983
403,403,36,female,graduate,self_employed,0.629380208584319
404,404,73,male,secondary,informal_trade,0.25095780127683237
405,405,29,male,primary,informal_trade,0.4356754974310492
406,406,29,male,secondary,self_employed,0.0
407,407,67,female,postgraduate,agriculture,0.2983331870318048
408,408,31,female,secondary,informal_trade,0.009160520037453018
409,409,27,female,secondary,self_employed,0.7887772893281766
410,410,22,female,secondary,unemployed,0.8689028270953436
411,411,59,male,secondary,student,0.002215958994677192
412,412,58,male,none,salaried_private,0.0
413,413,23,male,graduate,agriculture,0.4430457260330653
414,414,25,female,secondary,salaried_private,0.23980431635526106
415,415,72,female,primary,salaried_private,0.25217834154571167
416,416,27,male,primary,student,0.28502189920432497
417,417,61,male,secondary,agriculture,0.6099961915464018
418,418,53,female,secondary,salaried_private,0.5398438031591246
419,419,37,female,none,salaried_govt,0.24855738996300775
420,420,61,male,secondary,agriculture,0.8727517439110486
421,421,72,female,graduate,unemployed,0.451150423392254
422,422,44,male,primary,student,0.5092217910086139
423,423,38,female,none,self_employed,0.39388557477994895
424,424,22,male,graduate,student,0.4429275276653161
425,425,49,male,graduate,agriculture,0.0730899798998728
426,426,59,female,secondary,unemployed,0.013158860534833089
427,427,22,female,primary,agriculture,0.7967185290455416
428,428,58,male,primary,salaried_govt,0.4813850623760788
429,429,22,female,secondary,salaried_private,0.35968587174941347
430,430,69,female,secondary,unemployed,0.3354292722651171
431,431,29,male,none,self_employed,0.5917199727177115
432,432,47,female,primary,student,0.2577016827014529
433,433,37,male,graduate,salaried_govt,0.37863391165389476
434,434,53,female,secondary,informal_trade,0.6661926404477152
435,435,25,female,primary,self_employed,0.27896551727396124
436,436,37,female,none,salaried_private,0.11525417784703884
437,437,26,female,postgraduate,salaried_govt,0.1533392363768224
438,438,61,female,graduate,agriculture,0.5382554458662738
439,439,21,male,none,student,0.15253950188882232
440,440,54,male,none,self_employed,0.0
441,441,18,male,primary,student,0.2943840821581698
442,442,66,female,primary,salaried_private,0.14647120509826955
443,443,42,male,none,unemployed,0.29367622097530693
444,444,36,female,none,unemployed,0.2870075183548353
445,445,67,male,graduate,informal_trade,0.7121809782691104
446,446,30,male,secondary,salaried_private,0.9930658495482562
447,447,24,male,none,student,0.22540322219608383
448,448,19,female,secondary,salaried_private,0.9781526497304198
449,449,34,male,primary,agriculture,0.3753034488546738
450,450,54,male,graduate,salaried_private,0.7209390970928724
451,451,31,female,graduate,agriculture,0.7733946025472677
452,452,67,female,primary,agriculture,0.11556280829522067
453,453,38,female,graduate,student,0.30243097025220234
454,454,21,male,postgraduate,unemployed,0.7420316760247094
455,455,46,female,primary,agriculture,0.7134028548051424
456,456,40,female,postgraduate,salaried_govt,1.0
457,457,57,male,secondary,informal_trade,0.6600756815501249
458,458,22,male,none,unemployed,0.5849483990944083
459,459,74,female,primary,informal_trade,0.6624772315929799
460,460,54,female,postgraduate,informal_trade,0.5476511057846984
461,461,70,female,graduate,student,0.2181671821762255
462,462,44,male,secondary,salaried_govt,0.5627325438456892
463,463,64,male,graduate,student,0.45852694563928625
464,464,64,male,secondary,student,0.1307281747782932
465,465,62,male,secondary,unemployed,0.11730717836145871
466,466,60,male,primary,informal_trade,0.03528155254895972
467,467,62,female,graduate,agriculture,0.33782971845131393
468,468,50,female,secondary,informal_trade,0.6227274535295942
469,469,20,male,secondary,self_employed,0.16236706265954867
470,470,67,female,graduate,agriculture,0.1253912758284287
471,471,72,female,secondary,unemployed,0.003014396749076109
472,472,20,male,secondary,self_employed,0.7026927107441808
473,473,54,female,primary,agriculture,0.5452748065856955
474,474,48,female,graduate,salaried_private,0.41362349102562135
475,475,74,male,none,self_employed,0.2766622961972149
476,476,73,female,primary,salaried_govt,0.2571386068745789
477,477,35,female,secondary,agriculture,0.08739968312070076
478,478,74,male,secondary,unemployed,0.40145935990477416
479,479,33,male,graduate,self_employed,0.48711464866661763
480,480,46,female,primary,unemployed,0.1310337615640221
481,481,73,female,graduate,student,0.8027316847729996
482,482,68,female,secondary,salaried_private,0.20267316434907884
483,483,26,male,graduate,self_employed,0.499422952591726
484,484,69,male,primary,unemployed,0.10141049589189802
485,485,18,female,secondary,self_employed,0.5891047893440362
486,486,19,female,graduate,self_employed,0.6572559301585288
487,487,47,male,primary,unemployed,0.1979546289436938
488,488,27,male,none,student,0.46793460244732765
489,489,33,male,postgraduate,informal_trade,0.9510482534697906
490,490,35,male,none,informal_trade,0.16250344664679414
491,491,31,female,none,salaried_private,0.07389098343437384
492,492,55,female,secondary,unemployed,0.7606425656907017
493,493,70,male,postgraduate,unemployed,0.2852202283313559
494,494,51,female,none,salaried_private,0.2952206394344248
495,495,46,male,none,student,0.37696439407634574
496,496,51,female,secondary,salaried_govt,0.596574575695922
497,497,38,female,graduate,self_employed,0.30948976815655815
498,498,34,female,secondary,salaried_govt,0.3311052833770492
499,499,54,male,graduate,informal_trade,0.37236223745446845
500,500,53,female,graduate,informal_trade,0.30594795934530333
501,501,57,male,postgraduate,self_employed,0.7172953387397942
502,502,73,female,secondary,student,0.334551396312805
503,503,23,male,postgraduate,student,1.0
504,504,45,female,primary,informal_trade,0.5725918815171378
505,505,40,female,primary,self_employed,0.11730423325808302
506,506,18,male,primary,student,0.9494091847269799
507,507,74,male,none,salaried_private,0.2172965622286741
508,508,56,male,none,student,0.2148352296009287
509,509,47,female,secondary,student,0.21739074823616023
510,510,24,female,none,salaried_govt,0.4363242294258526
511,511,38,male,secondary,salaried_private,0.2703774175744507
512,512,37,male,secondary,informal_trade,0.2141436463397422
513,513,44,male,primary,self_employed,0.541256095320987
514,514,66,female,secondary,agriculture,0.37553894502689633
515,515,20,male,primary,salaried_govt,0.15877518128196141
516,516,38,male,secondary,informal_trade,0.32716782965719526
517,517,63,male,graduate,salaried_govt,0.22709694049771512
518,518,35,female,secondary,student,0.16205543754273657
519,519,70,female,secondary,student,0.4451021722720064
520,520,71,female,graduate,salaried_private,0.514913983632552
521,521,21,female,graduate,self_employed,0.3386683059284152
522,522,35,male,none,salaried_govt,0.10422706288690353
523,523,74,male,primary,student,0.012100144921515316
524,524,51,male,postgraduate,student,0.3615983827672664
525,525,48,female,none,agriculture,0.15991291720096198
526,526,63,male,primary,salaried_private,0.33750413225520076
527,527,39,male,secondary,salaried_private,0.7964289633230979
528,528,62,female,graduate,agriculture,0.4291419799257385
529,529,21,female,secondary,salaried_govt,0.1603641728929903
530,530,68,male,none,student,0.34377499250357124
531,531,62,male,secondary,unemployed,0.0
532,532,24,female,primary,agriculture,0.1834523351240925
533,533,72,male,none,salaried_private,0.5442115115571724
534,534,25,male,secondary,student,0.20932471887803444
535,535,48,female,none,agriculture,0.22481533930312703
536,536,72,male,secondary,student,0.5667854476282537
537,537,38,female,secondary,student,0.6818743655056547
538,538,58,male,primary,salaried_private,0.1221616023512928
539,539,32,female,primary,student,0.700008884976416
540,540,58,female,graduate,self_employed,0.16577959019250843
541,541,28,female,primary,salaried_govt,0.3141524101533056
542,542,45,male,secondary,agriculture,0.7106290491461598
543,543,62,female,secondary,informal_trade,0.6576847528585361
544,544,64,female,primary,informal_trade,0.7468047375193704
545,545,66,female,secondary,unemployed,0.8105908418290219
546,546,56,male,none,informal_trade,0.601932642116396
547,547,41,male,graduate,unemployed,0.19020454359789435
548,548,36,male,secondary,unemployed,0.24062548494712704
549,549,64,male,primary,salaried_govt,0.31496231391905993
550,550,22,male,primary,student,0.45226713585546996
551,551,27,female,postgraduate,student,0.8950582778906332
552,552,36,male,primary,student,0.23193934291762497
553,553,28,male,secondary,self_employed,0.39288373778979185
554,554,23,male,graduate,agriculture,0.9065395208872061
555,555,34,male,secondary,informal_trade,0.09379505506551464
556,556,51,male,graduate,self_employed,0.3414562539528572
557,557,47,male,graduate,salaried_govt,0.9312122374369429
558,558,41,female,none,informal_trade,0.15798843562858694
559,559,33,female,none,salaried_private,0.09264702814195686
560,560,35,female,secondary,salaried_private,0.16576052780445943
561,561,52,male,secondary,informal_trade,0.5926979529552634
562,562,67,male,none,self_employed,0.3356055647543965
563,563,25,female,graduate,self_employed,0.18280502851810596
564,564,56,male,none,salaried_private,0.14006011596598317
565,565,57,female,primary,unemployed,0.40958545452912154
566,566,60,male,graduate,agriculture,0.7858131647269337
567,567,43,male,primary,salaried_govt,0.21183179815798758
568,568,23,male,postgraduate,self_employed,0.9115858246494513
569,569,25,male,graduate,self_employed,0.5898932615627546
570,570,57,female,graduate,unemployed,0.43589977378309874
571,571,21,male,secondary,agriculture,0.3907458480140146
572,572,36,male,secondary,agriculture,0.11232433965009422
573,573,68,female,none,self_employed,0.23927514662962837
574,574,57,female,graduate,informal_trade,0.38295333010378385
575,575,23,male,primary,self_employed,0.2756116458025396
576,576,69,female,none,informal_trade,0.21473670894416097
577,577,46,male,graduate,student,0.4863291286211375
578,578,39,female,primary,self_employed,0.18417950111409137
579,579,60,male,secondary,student,0.5827459300973266
580,580,50,female,none,informal_trade,0.3375735097280625
581,581,64,female,primary,unemployed,0.25792038929051864
582,582,28,female,primary,salaried_private,0.014378199531777297
583,583,23,male,graduate,agriculture,0.5742791194969638
584,584,66,female,secondary,unemployed,0.0675676587875078
585,585,40,male,postgraduate,agriculture,0.4077989024619672
586,586,31,male,primary,student,0.39056758535490044
587,587,56,female,postgraduate,agriculture,0.5900963053021818
588,588,43,male,secondary,informal_trade,0.4045775733968873
589,589,56,male,none,unemployed,0.2812494659859794
590,590,57,female,primary,self_employed,0.19835123946809896
591,591,66,female,primary,informal_trade,0.0
592,592,48,male,postgraduate,informal_trade,0.40640121315788835
593,593,37,female,none,self_employed,0.67080085490485
594,594,64,female,none,salaried_govt,0.12928753520095163
595,595,68,male,secondary,salaried_private,0.6823889237484663
596,596,52,female,none,informal_trade,0.12658194070884546
597,597,19,male,primary,agriculture,0.0924495860663389
598,598,31,female,secondary,informal_trade,0.3789952557682363
599,599,52,female,secondary,informal_trade,0.19398984781913725
600,600,66,male,primary,agriculture,0.0
601,601,50,male,secondary,self_employed,0.7144652850364408
602,602,34,male,graduate,agriculture,0.052728018331387766
603,603,20,female,postgraduate,salaried_private,0.7214939360601925
604,604,67,female,secondary,salaried_private,0.5936351282238665
605,605,44,female,secondary,unemployed,0.6371060278540484
606,606,38,female,secondary,unemployed,0.4070676342766289
607,607,66,male,primary,salaried_govt,0.7603313620944758
608,608,71,male,secondary,unemployed,0.6353557576025587
609,609,43,female,secondary,unemployed,0.5015134733183193
610,610,53,male,primary,salaried_govt,0.0
611,611,41,female,primary,salaried_private,0.18900657095640722
612,612,66,male,primary,salaried_private,0.19729254436092425
613,613,50,male,primary,informal_trade,0.15605195473354358
614,614,51,male,secondary,student,0.681970843085205
615,615,31,female,none,informal_trade,0.0
616,616,58,male,postgraduate,self_employed,0.28910882328258786
617,617,66,male,none,student,0.33837840341163616
618,618,36,male,primary,student,0.0598675178460749
619,619,49,male,none,unemployed,0.4762096016837051
620,620,32,male,none,self_employed,0.0
621,621,63,male,primary,salaried_govt,0.1290749229195504
622,622,56,male,secondary,self_employed,0.19171046350144327
623,623,25,male,secondary,informal_trade,0.295104095819635
624,624,67,male,none,salaried_private,0.13439522487063313
625,625,68,male,secondary,informal_trade,0.5339863445757977
626,626,31,female,primary,salaried_govt,0.15652195590054563
627,627,64,female,secondary,salaried_private,0.3865724111656911
628,628,26,male,graduate,unemployed,0.33353462206588214
629,629,36,female,none,salaried_private,0.24837814583014448
630,630,26,male,graduate,student,0.131967683408365
631,631,46,male,primary,salaried_private,0.2234625224966573
632,632,30,female,none,self_employed,0.4036766780506348
633,633,42,female,postgraduate,self_employed,1.0
634,634,74,male,secondary,student,0.7677466165265291
635,635,24,female,secondary,informal_trade,0.3320422560009142
636,636,39,female,none,salaried_private,0.25670618661066
637,637,44,male,secondary,salaried_govt,0.3122065697079114
638,638,58,male,postgraduate,student,0.5345281138818575
639,639,65,female,secondary,self_employed,0.20047223758549243
640,640,65,male,secondary,self_employed,0.8194969600981777
641,641,52,female,postgraduate,self_employed,0.939827961942483
642,642,39,female,graduate,informal_trade,0.43396091011384763
643,643,28,male,none,self_employed,0.20413550113890977
644,644,40,male,none,salaried_govt,0.6408674857476613
645,645,51,male,graduate,unemployed,0.29282572922963535
646,646,73,male,primary,salaried_private,0.9414707734695112
647,647,34,female,primary,agriculture,0.20444203391102778
648,648,44,female,postgraduate,unemployed,0.9971314149999663
649,649,22,female,none,salaried_govt,0.4509348559470714
650,650,19,female,primary,agriculture,0.2021656183125355
651,651,49,female,secondary,agriculture,0.24725841440983132
652,652,42,male,postgraduate,agriculture,0.23534839894904255
653,653,27,male,postgraduate,informal_trade,0.407686821873118
654,654,69,male,graduate,agriculture,0.6485457407656334
655,655,68,male,secondary,self_employed,0.6270559026258511
656,656,19,female,graduate,student,0.7555020055992218
657,657,49,female,none,salaried_govt,0.3125475673928949
658,658,60,male,secondary,informal_trade,0.2108748687280096
659,659,67,female,postgraduate,unemployed,0.19309602703030188
660,660,45,female,primary,salaried_private,0.3845498821807993
661,661,33,male,none,informal_trade,0.01153084186943304
662,662,66,female,secondary,salaried_govt,0.169374474845237
663,663,36,male,primary,agriculture,0.10613369238388165
664,664,60,female,none,unemployed,0.46305660131523396
665,665,37,male,graduate,unemployed,0.46091671290885494
666,666,73,female,none,salaried_govt,0.3647651078443797
667,667,69,male,secondary,self_employed,0.6992986348788073
668,668,38,male,primary,agriculture,0.23515633831621133
669,669,24,male,primary,informal_trade,0.40578505784509644
670,670,70,female,graduate,self_employed,0.24641435027287284
671,671,50,male,secondary,salaried_govt,0.3980980600005246
672,672,26,female,none,unemployed,0.0
673,673,38,male,none,salaried_govt,0.09676141291413595
674,674,69,female,none,salaried_govt,0.07932598463988412
675,675,42,male,graduate,student,0.18170233405315853
676,676,22,female,postgraduate,unemployed,0.7677772757223572
677,677,37,male,primary,unemployed,0.6509223686941664
678,678,30,male,secondary,salaried_govt,0.6921317905256651
679,679,30,male,graduate,self_employed,0.1738835479046413
680,680,31,female,graduate,salaried_govt,0.8076352816974447
681,681,41,male,secondary,student,0.45390277355100084
682,682,40,male,postgraduate,salaried_private,0.8860016553319664
683,683,48,male,postgraduate,informal_trade,0.5818416764914989
684,684,23,female,primary,self_employed,0.2143370687865498
685,685,28,female,primary,unemployed,0.11147600164167396
686,686,65,female,none,agriculture,0.09517960784225285
687,687,39,female,postgraduate,salaried_private,0.7096658298627972
688,688,53,female,graduate,salaried_private,0.6921126188301208
689,689,25,male,primary,self_employed,0.08152088006021938
690,690,49,male,secondary,agriculture,0.4542122876821732
691,691,41,female,primary,informal_trade,0.04946803015175094
692,692,50,male,primary,informal_trade,0.6054126170399919
693,693,18,male,postgraduate,informal_trade,0.2647487016700528
694,694,55,female,none,unemployed,0.0
695,695,34,female,graduate,agriculture,0.41569503571603206
696,696,64,female,graduate,informal_trade,0.7175444333688878
697,697,37,male,primary,informal_trade,0.036546409534572666
698,698,38,female,primary,student,0.2462959312332447
699,699,52,male,primary,agriculture,0.23301541958941016
700,700,49,female,secondary,salaried_govt,0.5442012319278553
701,701,37,female,primary,student,0.12417696507484807
702,702,63,male,postgraduate,unemployed,0.6420277055701719
703,703,51,female,graduate,salaried_private,0.7862032371121132
704,704,41,female,secondary,salaried_private,0.24367392112584557
705,705,73,male,graduate,unemployed,0.3366973358068978
706,706,22,female,secondary,informal_trade,0.5258844157223833
707,707,19,male,postgraduate,student,0.34143601592542416
708,708,24,female,primary,self_employed,0.196028453326445
709,709,39,male,primary,salaried_govt,0.33196383660463247
710,710,49,female,primary,unemployed,0.27037033060334204
711,711,49,male,graduate,unemployed,0.5736017253590908
712,712,70,female,secondary,agriculture,0.5274838112439197
713,713,53,female,primary,self_employed,0.77852843125509
714,714,59,female,none,salaried_govt,0.4577924780359913
715,715,22,female,primary,salaried_govt,0.8237837568330131
716,716,45,male,none,agriculture,0.0
717,717,30,female,none,salaried_private,0.06098749955907
718,718,42,female,primary,self_employed,0.7020884973266678
719,719,61,female,secondary,unemployed,0.5998773436647729
720,720,45,female,primary,salaried_govt,0.2515738802799243
721,721,29,male,none,agriculture,0.17965490878356102
722,722,49,female,primary,agriculture,0.2488256530913105
723,723,26,female,graduate,unemployed,0.11801655488835391
724,724,35,female,graduate,self_employed,0.10337300685333857
725,725,44,male,secondary,agriculture,0.6629160118694418
726,726,72,female,primary,student,0.24416443961357137
727,727,63,male,secondary,salaried_private,0.5118822415533939
728,728,68,female,none,agriculture,0.0
729,729,66,female,primary,student,0.14905758710074718
730,730,31,male,primary,salaried_private,0.4743049134732659
731,731,18,male,primary,salaried_govt,0.12678037911573262
732,732,20,male,postgraduate,salaried_private,0.5868848804530704
733,733,60,male,none,informal_trade,0.0
734,734,47,male,secondary,salaried_private,0.8059163465996687
735,735,68,female,postgraduate,self_employed,0.3793495913199122
736,736,19,female,postgraduate,self_employed,0.8581815275388524
737,737,45,male,primary,salaried_govt,0.2015449867637491
738,738,59,male,secondary,self_employed,0.5611220706441354
739,739,64,male,secondary,unemployed,0.25672690489917815
740,740,58,male,primary,salaried_private,0.2991886473646996
741,741,49,female,graduate,student,0.5833903353335217
742,742,42,female,graduate,salaried_govt,0.03162674220418055
743,743,28,female,postgraduate,self_employed,0.34335262083140633
744,744,60,male,graduate,salaried_govt,0.3042706778810707
745,745,55,female,primary,unemployed,0.4191086672943166
746,746,18,female,primary,self_employed,0.0
747,747,56,male,graduate,salaried_private,0.03215444241054116
748,748,45,female,primary,salaried_private,0.31173246736345217
749,749,54,male,secondary,salaried_private,0.44942059710814697
750,750,46,male,graduate,student,0.2836493440423328
751,751,29,female,primary,self_employed,0.57416135026056
752,752,59,female,none,salaried_private,0.4961071648612817
753,753,45,male,primary,self_employed,0.6504402058087806
754,754,73,male,postgraduate,salaried_private,0.42681468625763885
755,755,32,female,graduate,unemployed,0.553548870985682
756,756,37,female,none,student,0.5210817458993727
757,757,30,female,secondary,salaried_govt,0.6087748411174974
758,758,37,female,none,unemployed,0.35965732263497274
759,759,62,male,none,salaried_govt,0.23959126690855914
760,760,29,male,secondary,informal_trade,0.18230251863406072
761,761,29,male,primary,unemployed,0.3380998594640011
762,762,49,female,secondary,salaried_govt,0.5059068008765174
763,763,56,female,primary,unemployed,0.1707448446383344
764,764,34,male,primary,agriculture,0.3507627767944221
765,765,64,male,graduate,salaried_govt,0.5901412297173795
766,766,28,female,none,unemployed,0.2612306055633259
767,767,54,female,secondary,unemployed,0.36609971825150106
768,768,23,male,primary,salaried_govt,0.44983008649407563
769,769,39,male,graduate,self_employed,0.2741986601768286
770,770,60,male,graduate,agriculture,0.7737900754703014
771,771,20,female,graduate,self_employed,0.6806036195604878
772,772,27,female,graduate,agriculture,0.39327858498750445
773,773,70,female,secondary,student,0.42361277142970505
774,774,68,male,primary,student,1.0
775,775,51,female,postgraduate,salaried_govt,0.6396571171132427
776,776,18,male,primary,informal_trade,0.3143102331030476
777,777,72,female,secondary,informal_trade,0.17056526316442355
778,778,35,male,primary,unemployed,0.05653634084556079
779,779,29,female,graduate,self_employed,0.8542157337777119
780,780,38,male,primary,agriculture,0.2871381733813167
781,781,59,male,secondary,informal_trade,0.6280484750379306
782,782,64,male,primary,unemployed,0.12738691498598936
783,783,57,male,secondary,salaried_govt,0.18429213875494824
784,784,20,female,postgraduate,informal_trade,0.46247926234112013
785,785,48,female,none,student,0.0
786,786,47,male,none,informal_trade,0.3586155998530344
787,787,56,female,postgraduate,unemployed,0.5760406754169809
788,788,74,female,none,self_employed,0.23550126566018348
789,789,52,male,none,salaried_private,0.19995512456655548
790,790,53,male,primary,informal_trade,0.22117636934202045
791,791,25,male,graduate,agriculture,1.0
792,792,71,male,secondary,self_employed,0.4727404993640608
793,793,19,male,graduate,unemployed,0.6340210580307392
794,794,19,female,graduate,salaried_private,0.2145786957624478
795,795,49,male,none,informal_trade,0.3088215288200122
796,796,21,male,none,agriculture,0.2821236395922224
797,797,72,male,graduate,agriculture,0.2978891294668099
798,798,46,female,none,self_employed,0.20695656760028452
799,799,59,male,primary,salaried_private,0.3242100297624233
800,800,41,male,graduate,informal_trade,0.6466083170803911
801,801,68,male,none,informal_trade,0.7432822874704851
802,802,66,female,primary,self_employed,0.6257960721607974
803,803,42,male,none,unemployed,0.23008171910536002
804,804,28,male,primary,student,0.110125783271973
805,805,43,female,graduate,salaried_govt,0.13559312763888445
806,806,33,female,primary,unemployed,0.49013070524449864
807,807,51,female,none,unemployed,0.4731635012353279
808,808,23,female,graduate,unemployed,0.42134197154164327
809,809,21,male,none,informal_trade,0.4424680935512298
810,810,23,male,primary,agriculture,0.5497019264809567
811,811,49,female,graduate,self_employed,0.8834456485255594
812,812,54,female,none,salaried_govt,0.049660431953469
813,813,59,female,graduate,student,0.4681683460685162
814,814,23,male,graduate,salaried_private,0.14493328723455542
815,815,43,female,primary,salaried_private,0.2788942242639886
816,816,70,male,primary,unemployed,0.2362364646451457
817,817,49,male,primary,salaried_private,0.0040788717251672435
818,818,59,male,secondary,self_employed,0.4638386594807077
819,819,73,male,graduate,informal_trade,0.2374539028605049
820,820,61,female,graduate,student,0.8478317403414758
821,821,24,female,secondary,unemployed,0.10114390059275974
822,822,43,male,secondary,informal_trade,0.3434484583335998
823,823,53,female,none,salaried_govt,0.3050981221018493
824,824,41,female,none,student,0.2161589879038346
825,825,21,female,primary,self_employed,0.33663863607617694
826,826,52,male,postgraduate,agriculture,1.0
827,827,55,female,none,salaried_private,0.3525173291854381
828,828,51,male,primary,agriculture,0.0
829,829,40,female,secondary,salaried_private,0.7573283664240005
830,830,25,female,graduate,student,0.29183060065052874
831,831,18,male,primary,self_employed,0.5660595514361317
832,832,31,male,none,salaried_private,0.16094004574855134
833,833,47,female,postgraduate,agriculture,0.7956738823631382
834,834,36,female,secondary,salaried_govt,0.122211620220336
835,835,42,male,secondary,informal_trade,0.2757873277834699
836,836,21,male,secondary,self_employed,0.46992110700095063
837,837,42,male,postgraduate,self_employed,0.7297121925193598
838,838,38,male,secondary,agriculture,0.32024795028189784
839,839,55,female,none,salaried_private,0.673000569339953
840,840,53,male,primary,self_employed,0.10779695381031859
841,841,72,female,secondary,salaried_govt,0.030799876703093476
842,842,50,female,primary,unemployed,0.0
843,843,19,female,graduate,self_employed,0.5382073601924153
844,844,53,male,none,self_employed,0.2941117073883258
845,845,22,male,primary,informal_trade,0.6093006657796104
846,846,43,female,postgraduate,informal_trade,0.08345421252985731
847,847,68,male,postgraduate,self_employed,0.6573265660976852
848,848,45,female,graduate,self_employed,0.7773560019287705
849,849,45,female,primary,self_employed,0.1474886014780805
850,850,45,male,primary,self_employed,0.05149770719057653
851,851,42,male,none,self_employed,0.3004090124291977
852,852,34,female,primary,salaried_private,0.735995296157725
853,853,50,male,primary,salaried_govt,0.1753399691586998
854,854,65,female,primary,unemployed,0.290818966691193
855,855,25,female,none,informal_trade,0.3353089180324865
856,856,25,male,secondary,salaried_govt,0.49626017634404
857,857,21,male,graduate,agriculture,0.2609535113640901
858,858,44,male,primary,student,0.17944339571769788
859,859,39,male,postgraduate,unemployed,0.9610278906022401
860,860,29,male,none,unemployed,0.13469351857174508
861,861,32,female,secondary,unemployed,0.494567185205928
862,862,52,female,primary,agriculture,0.10412013278746463
863,863,32,male,none,salaried_private,0.19236539807720904
864,864,44,male,secondary,agriculture,0.8038725649798476
865,865,34,female,primary,student,0.3988388439417579
866,866,73,male,graduate,student,0.5045985479843176
867,867,55,male,secondary,salaried_govt,0.5454034133717615
868,868,27,female,graduate,salaried_private,0.2244208124139671
869,869,31,male,graduate,unemployed,0.2866674153736498
870,870,48,male,primary,salaried_private,0.026081659974833304
871,871,54,female,postgraduate,student,0.34417520696989995
872,872,48,female,graduate,informal_trade,0.5861429853017105
873,873,23,female,none,student,0.40111374864629873
874,874,67,female,primary,agriculture,0.2831576670712937
875,875,62,female,graduate,student,0.29081289060583077
876,876,60,female,graduate,salaried_private,0.3083050406136938
877,877,34,male,graduate,student,0.7336075678950859
878,878,38,female,none,unemployed,0.39761273998092145
879,879,67,female,none,salaried_private,0.265400610533575
880,880,21,male,secondary,salaried_private,0.6392743615864143
881,881,25,male,graduate,salaried_govt,0.8698991860504062
882,882,58,female,secondary,salaried_private,0.3489509457803961
883,883,65,female,none,informal_trade,0.4300955320480315
884,884,32,male,none,self_employed,0.13686133713040965
885,885,33,female,graduate,agriculture,0.20085212274084221
886,886,61,male,primary,self_employed,0.6997268904263964
887,887,22,male,graduate,informal_trade,1.0
888,888,23,female,secondary,self_employed,0.17372167205665628
889,889,20,male,secondary,unemployed,0.44952597245257714
890,890,66,female,primary,agriculture,0.0
891,891,70,male,secondary,informal_trade,0.46751734265998685
892,892,63,male,secondary,salaried_govt,0.3880142848356274
893,893,62,female,primary,unemployed,0.2758467183040681
894,894,33,female,none,salaried_private,0.10986866828171604
895,895,60,male,graduate,self_employed,0.4863799914700019
896,896,39,male,secondary,agriculture,0.6372363266244041
897,897,39,male,secondary,student,0.06077452287276228
898,898,45,male,primary,self_employed,0.09052233433837026
899,899,71,male,graduate,student,0.009126996023413242
900,900,71,female,secondary,self_employed,0.37860461334333295
901,901,66,male,primary,student,0.56039096269208
902,902,33,male,primary,salaried_private,0.5586452853045617
903,903,24,female,primary,agriculture,0.8673889993029399
904,904,37,female,graduate,salaried_govt,0.8316682700243448
905,905,66,male,postgraduate,informal_trade,0.6011308318374713
906,906,28,female,secondary,student,0.24628359145443568
907,907,59,female,postgraduate,student,0.528671075117572
908,908,46,female,secondary,unemployed,0.24408958397846675
909,909,43,male,primary,student,0.3742605684403396
910,910,68,female,primary,salaried_private,0.6330455498695797
911,911,39,male,none,salaried_govt,0.3636691845929555
912,912,48,female,graduate,salaried_private,0.885271452408759
913,913,47,male,none,salaried_private,0.5604290292367107
914,914,64,female,graduate,self_employed,0.3250909366677923
915,915,50,male,primary,informal_trade,0.2954598537702062
916,916,50,male,none,informal_trade,0.0
917,917,54,female,none,self_employed,0.22138075287110875
918,918,58,female,primary,informal_trade,0.28740911169802724
919,919,22,female,primary,salaried_govt,0.22233158997856503
920,920,49,female,graduate,salaried_private,0.5738959020694426
921,921,31,female,primary,unemployed,0.12001025483242551
922,922,49,male,none,agriculture,0.2734275145873065
923,923,59,female,postgraduate,salaried_govt,0.677925442181912
924,924,72,male,primary,agriculture,0.2085024868893654
925,925,64,male,graduate,unemployed,0.6179455119961056
926,926,52,male,graduate,informal_trade,0.6137639857618714
927,927,36,female,none,salaried_private,0.031308217642888075
928,928,18,male,graduate,salaried_govt,0.5238968953637828
929,929,51,female,primary,agriculture,0.5343854264688566
930,930,55,male,postgraduate,agriculture,0.7345851087955042
931,931,62,male,postgraduate,agriculture,0.7521257341189306
932,932,28,female,secondary,self_employed,0.2963828211122131
933,933,56,female,none,agriculture,0.3946036928195852
934,934,58,female,secondary,self_employed,0.3567584362485406
935,935,28,male,secondary,unemployed,0.5323287614027918
936,936,20,male,postgraduate,unemployed,0.6222452093154094
937,937,59,male,postgraduate,salaried_govt,0.5597663085844158
938,938,39,male,secondary,agriculture,0.7305616377223485
939,939,60,female,none,informal_trade,0.463642956101294
940,940,41,female,graduate,agriculture,0.617628018741314
941,941,52,male,secondary,salaried_private,0.9214435119179554
942,942,61,female,none,student,0.011461685189126658
943,943,59,female,primary,salaried_govt,0.23087975313760423
944,944,41,female,secondary,student,0.2233656511330984
945,945,48,female,secondary,unemployed,0.3100753708550866
946,946,63,female,none,self_employed,0.5499315947394561
947,947,52,male,secondary,unemployed,0.0878784608127709
948,948,47,male,postgraduate,student,0.3077486603465394
949,949,35,female,primary,informal_trade,0.44571032740978495
950,950,49,female,graduate,student,0.7878296131060593
951,951,38,male,primary,salaried_govt,0.3260377822180669
952,952,73,male,graduate,unemployed,0.7441891628975462
953,953,52,female,graduate,agriculture,0.5342274050607295
954,954,29,male,primary,agriculture,0.5926749191920032
955,955,28,male,postgraduate,unemployed,0.333359536462173
956,956,24,female,graduate,salaried_govt,0.20495738968458588
957,957,36,female,graduate,salaried_private,0.37612891873539245
958,958,49,female,secondary,unemployed,0.0787294694007346
959,959,48,male,secondary,unemployed,0.3192130544229505
960,960,59,male,none,student,0.3662235762130719
961,961,68,female,graduate,salaried_govt,1.0
962,962,58,male,primary,unemployed,0.2277510961969642
963,963,62,female,primary,self_employed,0.20566577121071325
964,964,37,female,secondary,agriculture,0.43244160885467997
965,965,49,female,primary,student,0.2243355866176282
966,966,23,female,secondary,informal_trade,0.6998609495367042
967,967,67,male,secondary,salaried_private,0.891673223402261
968,968,43,female,primary,unemployed,0.508328727101706
969,969,40,male,primary,salaried_private,0.24908177679699528
970,970,61,female,none,student,0.37435521131082117
971,971,23,female,graduate,salaried_govt,0.352352149815311
972,972,69,female,postgraduate,self_employed,0.8201881082560908
973,973,43,male,graduate,self_employed,0.6788852245415307
974,974,51,female,none,self_employed,0.45142950227955414
975,975,50,male,secondary,unemployed,0.20588866464781347
976,976,18,male,none,salaried_govt,0.2903817113690103
977,977,54,male,primary,informal_trade,0.30188316900534407
978,978,52,female,primary,salaried_private,0.05196262276540438
979,979,39,male,postgraduate,informal_trade,0.3400684768616783
980,980,20,male,secondary,unemployed,0.6198924979980397
981,981,52,female,secondary,unemployed,0.1330740138695465
982,982,69,male,primary,salaried_govt,0.20342367323546734
983,983,48,female,primary,salaried_govt,0.3785471918582121
984,984,67,female,primary,student,0.5468225192454056
985,985,19,male,postgraduate,unemployed,0.7150983923397066
986,986,22,female,graduate,unemployed,0.3796541839813468
987,987,18,male,secondary,self_employed,0.5138899606721803
988,988,22,male,graduate,salaried_private,0.45730464357485145
989,989,30,female,none,salaried_private,0.25598898476595544
990,990,47,male,secondary,unemployed,0.3768687157552952
991,991,62,female,primary,self_employed,0.7446756262852842
992,992,23,male,secondary,agriculture,0.30037902103568925
993,993,54,female,graduate,salaried_private,0.0
994,994,33,male,postgraduate,agriculture,0.820185258933876
995,995,26,male,postgraduate,self_employed,0.8230191952761186
996,996,18,female,none,salaried_govt,0.289910866664873
997,997,28,female,graduate,unemployed,0.5912111723870029
998,998,74,male,graduate,salaried_private,0.019540347570149302
999,999,59,male,graduate,agriculture,0.8441062367178811
1000,1000,45,female,none,salaried_govt,0.24579113030836064
